<wpml-config>
    <custom-types>
        <custom-type translate="1">cms_block</custom-type>
        <custom-type translate="1">portfolio</custom-type>
        <custom-type translate="0">woodmart_sidebar</custom-type>
        <custom-type translate="1">woodmart_slide</custom-type>
    </custom-types>
    <taxonomies>
        <taxonomy translate="1">categories</taxonomy>
        <taxonomy translate="1">project-cat</taxonomy>
        <taxonomy translate="1">tag</taxonomy>
        <taxonomy translate="0">woodmart_slider</taxonomy>
    </taxonomies>
    <admin-texts>
        <key name="whb_main_header"/>
        <key name="xts-woodmart-options">
            <key name="wishlist_page"/>
            <key name="compare_page"/>
            <key name="default_header"/>
            <key name="popup_text"/>
            <key name="popup_html_block"/>
            <key name="reg_text"/>
            <key name="login_text"/>
            <key name="cookies_text"/>
            <key name="empty_cart_text"/>
            <key name="copyrights"/>
            <key name="copyrights2"/>
            <key name="prefooter_area"/>
            <key name="content_before_add_to_cart"/>
            <key name="content_after_add_to_cart"/>
            <key name="additional_tab_title"/>
            <key name="additional_tab_content_type"/>
            <key name="additional_tab_html_block"/>
            <key name="additional_tab_text"/>
            <key name="additional_tab_2_title"/>
            <key name="additional_tab_2_content_type"/>
            <key name="additional_tab_2_html_block"/>
            <key name="additional_tab_2_text"/>
            <key name="additional_tab_3_title"/>
            <key name="additional_tab_3_content_type"/>
            <key name="additional_tab_3_html_block"/>
            <key name="additional_tab_3_text"/>
            <key name="empty_compare_text"/>
            <key name="reg_title"/>
            <key name="login_title"/>
            <key name="header_banner_shortcode"/>
            <key name="header_banner_html_block"/>
            <key name="header_banner_link"/>
            <key name="grid_swatches_attribute"/>
            <key name="wishlist_empty_text"/>
            <key name="thank_you_page_extra_content"/>
            <key name="link_1_text"/>
            <key name="link_2_text"/>
            <key name="link_3_text"/>
            <key name="link_4_text"/>
            <key name="link_5_text"/>
            <key name="link_1_url"/>
            <key name="link_2_url"/>
            <key name="link_3_url"/>
            <key name="link_4_url"/>
            <key name="link_5_url"/>
            <key name="link_1_icon"/>
            <key name="link_2_icon"/>
            <key name="link_3_icon"/>
            <key name="link_4_icon"/>
            <key name="link_5_icon"/>
            <key name="age_verify_text"/>
            <key name="age_verify_text_error"/>
            <key name="shipping_progress_bar_message_initial"/>
            <key name="shipping_progress_bar_message_success"/>
            <key name="main_layout"/>
            <key name="popular_requests"/>
            <key name="full_search_content_text"/>
            <key name="full_search_content_html_block"/>
            <key name="sticky_navigation_title"/>
            <key name="sticky_navigation_area"/>
            <key name="sticky_navigation_html_block"/>
            <key name="reviews_rating_summary_criteria_1"/>
            <key name="reviews_rating_summary_criteria_1_slug"/>
            <key name="reviews_rating_summary_criteria_2"/>
            <key name="reviews_rating_summary_criteria_2_slug"/>
            <key name="reviews_rating_summary_criteria_3"/>
            <key name="reviews_rating_summary_criteria_3_slug"/>
            <key name="reviews_rating_summary_criteria_4"/>
            <key name="reviews_rating_summary_criteria_4_slug"/>
            <key name="reviews_rating_summary_criteria_5"/>
            <key name="reviews_rating_summary_criteria_5_slug"/>
            <key name="reviews_rating_summary_criteria_6"/>
            <key name="reviews_rating_summary_criteria_6_slug"/>
            <key name="fb_link"/>
            <key name="twitter_link"/>
            <key name="bluesky_link"/>
            <key name="isntagram_link"/>
            <key name="threads_link"/>
            <key name="pinterest_link"/>
            <key name="youtube_link"/>
            <key name="tumblr_link"/>
            <key name="linkedin_link"/>
            <key name="vimeo_link"/>
            <key name="flickr_link"/>
            <key name="github_link"/>
            <key name="dribbble_link"/>
            <key name="behance_link"/>
            <key name="soundcloud_link"/>
            <key name="spotify_link"/>
            <key name="skype_link"/>
            <key name="ok_link"/>
            <key name="vk_link"/>
            <key name="whatsapp_link"/>
            <key name="snapchat_link"/>
            <key name="tg_link"/>
            <key name="tiktok_link"/>
            <key name="discord_link"/>
            <key name="yelp_link"/>
            <key name="viber_link"/>
            <key name="sticky_navigation_menu"/>
            <key name="waitlist_privacy_checkbox_text"/>
            <key name="recover_guest_cart_privacy_checkbox_text"/>
        </key>
    </admin-texts>
    <custom-fields>
        <custom-field action="copy" label="Layout type">wd_layout_type</custom-field>
        <custom-field action="copy-once" label="Layout conditions">wd_layout_conditions</custom-field>
        <custom-field action="translate" label="Extra content">_woodmart_extra_content</custom-field>
        <custom-field action="translate" label="Custom tab title">_woodmart_product_custom_tab_title</custom-field>
        <custom-field action="translate" label="Custom tab content">_woodmart_product_custom_tab_content</custom-field>
        <custom-field action="translate" label="Custom tab 2 title">_woodmart_product_custom_tab_title_2</custom-field>
        <custom-field action="translate" label="Custom tab 2 content">_woodmart_product_custom_tab_content_2</custom-field>
        <custom-field action="translate">woodmart_wc_video_gallery</custom-field>
    </custom-fields>
    <custom-term-fields>
        <custom-term-field action="translate" label="Extra description">category_extra_description_text</custom-term-field>
    </custom-term-fields>
    <custom-fields-texts>
        <key name="woodmart_wc_video_gallery">
            <key name="*">
                <key name="upload_video_url" />
                <key name="youtube_url" />
                <key name="vimeo_url" />
            </key>
        </key>
    </custom-fields-texts>
    <shortcodes>
        <shortcode>
            <tag>woodmart_popup</tag>
            <attributes>
                <attribute>id</attribute>
                <attribute>title</attribute>
            </attributes>
        </shortcode>

        <shortcode>
            <tag>woodmart_3d_view</tag>
            <attributes>
                <attribute>title</attribute>
            </attributes>
        </shortcode>

        <shortcode>
            <tag>author_area</tag>
            <attributes>
                <attribute>title</attribute>
                <attribute>author_name</attribute>
                <attribute>content</attribute>
                <attribute type="link" encoding="vc_link">link</attribute>
                <attribute>link_text</attribute>
            </attributes>
        </shortcode>

        <shortcode>
            <tag>woodmart_button</tag>
            <attributes>
                <attribute>title</attribute>
                <attribute type="link" encoding="vc_link">link</attribute>
            </attributes>
        </shortcode>

        <shortcode>
            <tag>woodmart_brands</tag>
            <attributes>
                <attribute>title</attribute>
            </attributes>
        </shortcode>

        <shortcode>
            <tag>woodmart_categories</tag>
            <attributes>
                <attribute>title</attribute>
            </attributes>
        </shortcode>

        <shortcode>
            <tag>woodmart_counter</tag>
            <attributes>
                <attribute>label</attribute>
            </attributes>
        </shortcode>

        <shortcode>
            <tag>extra_menu</tag>
            <attributes>
                <attribute>title</attribute>
                <attribute type="link" encoding="vc_link">link</attribute>
                <attribute>label_text</attribute>
            </attributes>
        </shortcode>

        <shortcode>
            <tag>extra_menu_list</tag>
            <attributes>
                <attribute>title</attribute>
                <attribute type="link" encoding="vc_link">link</attribute>
                <attribute>label_text</attribute>
            </attributes>
        </shortcode>

        <shortcode>
            <tag>woodmart_google_map</tag>
            <attributes>
                <attribute>title</attribute>
                <attribute>marker_text</attribute>
            </attributes>
        </shortcode>

        <shortcode>
            <tag>woodmart_info_box</tag>
            <attributes>
                <attribute>icon_text</attribute>
                <attribute type="link" encoding="vc_link">link</attribute>
                <attribute>btn_text</attribute>
                <attribute encoding="allow_html_tags">title</attribute>
                <attribute>subtitle</attribute>
                <attribute>content</attribute>
            </attributes>
        </shortcode>

        <shortcode>
            <tag>woodmart_instagram</tag>
            <attributes>
                <attribute>title</attribute>
                <attribute>content</attribute>
            </attributes>
        </shortcode>

        <shortcode>
            <tag>woodmart_mega_menu</tag>
            <attributes>
                <attribute>title</attribute>
            </attributes>
        </shortcode>

        <shortcode>
            <tag>woodmart_menu_price</tag>
            <attributes>
                <attribute>title</attribute>
                <attribute>description</attribute>
                <attribute>price</attribute>
                <attribute type="link" encoding="vc_link">link</attribute>
            </attributes>
        </shortcode>

        <shortcode>
            <tag>woodmart_portfolio</tag>
            <attributes>
                <attribute>title</attribute>
            </attributes>
        </shortcode>

        <shortcode>
            <tag>pricing_plan</tag>
            <attributes>
                <attribute>name</attribute>
                <attribute>price_value</attribute>
                <attribute>price_suffix</attribute>
                <attribute>currency</attribute>
                <attribute>features_list</attribute>
                <attribute type="link" encoding="vc_link">link</attribute>
                <attribute>button_label</attribute>
                <attribute>label</attribute>
            </attributes>
        </shortcode>

        <shortcode>
            <tag>products_tabs</tag>
            <attributes>
                <attribute>title</attribute>
            </attributes>
        </shortcode>

        <shortcode>
            <tag>products_tab</tag>
            <attributes>
                <attribute>title</attribute>
            </attributes>
        </shortcode>

        <shortcode>
            <tag>woodmart_shortcode_products_widget</tag>
            <attributes>
                <attribute>title</attribute>
            </attributes>
        </shortcode>

        <shortcode>
            <tag>woodmart_products</tag>
            <attributes>
                <attribute>element_title</attribute>
            </attributes>
        </shortcode>

        <shortcode>
            <tag>promo_banner</tag>
            <attributes>
                <attribute>btn_text</attribute>
                <attribute type="link" encoding="vc_link">link</attribute>
                <attribute>title</attribute>
                <attribute encoding="allow_html_tags">subtitle</attribute>
                <attribute>content</attribute>
            </attributes>
        </shortcode>

        <shortcode>
            <tag>woodmart_responsive_text_block</tag>
            <attributes>
                <attribute>content</attribute>
            </attributes>
        </shortcode>

        <shortcode>
            <tag>team_member</tag>
            <attributes>
                <attribute>name</attribute>
                <attribute>position</attribute>
                <attribute>content</attribute>
            </attributes>
        </shortcode>

        <shortcode>
            <tag>testimonials</tag>
            <attributes>
                <attribute>title</attribute>
            </attributes>
        </shortcode>

        <shortcode>
            <tag>testimonial</tag>
            <attributes>
                <attribute>title</attribute>
                <attribute>content</attribute>
                <attribute>name</attribute>
            </attributes>
        </shortcode>

        <shortcode>
            <tag>woodmart_timeline_item</tag>
            <attributes>
                <attribute>title_primary</attribute>
                <attribute>content</attribute>
                <attribute>title_secondary</attribute>
                <attribute>content_secondary</attribute>
            </attributes>
        </shortcode>

        <shortcode>
            <tag>woodmart_timeline_breakpoint</tag>
            <attributes>
                <attribute>title</attribute>
            </attributes>
        </shortcode>

        <shortcode>
            <tag>woodmart_title</tag>
            <attributes>
                <attribute encoding="allow_html_tags">title</attribute>
                <attribute>subtitle</attribute>
                <attribute>after_title</attribute>
            </attributes>
        </shortcode>

        <shortcode>
            <tag>woodmart_list</tag>
            <attributes>
                <attribute type="area" encoding="urlencoded_json">list</attribute>
            </attributes>
        </shortcode>

        <shortcode>
            <tag>woodmart_marquee</tag>
            <attributes>
                <attribute type="area" encoding="urlencoded_json">marquee_contents</attribute>
            </attributes>
        </shortcode>

        <shortcode>
            <tag>vc_progress_bar</tag>
            <attributes>
                <attribute encoding="allow_html_tags">title</attribute>
                <attribute type="area" encoding="urlencoded_json">values</attribute>
            </attributes>
        </shortcode>

        <shortcode>
            <tag>woodmart_gallery</tag>
            <attributes>
                <attribute type="media-ids">images</attribute>
            </attributes>
        </shortcode>

        <shortcode>
            <tag>social_buttons</tag>
            <attributes>
                <attribute>label_text</attribute>
            </attributes>
        </shortcode>

        <shortcode>
            <tag>woodmart_hotspot</tag>
            <attributes>
                <attribute>title</attribute>
                <attribute type="link" encoding="vc_link">link</attribute>
                <attribute>link_text</attribute>
                <attribute>content</attribute>
            </attributes>
        </shortcode>

        <shortcode>
            <tag>woodmart_filter_categories</tag>
            <attributes>
                <attribute>title</attribute>
            </attributes>
        </shortcode>

        <shortcode>
            <tag>woodmart_filters_attribute</tag>
            <attributes>
                <attribute>title</attribute>
            </attributes>
        </shortcode>

        <shortcode>
            <tag>woodmart_stock_status</tag>
            <attributes>
                <attribute>title</attribute>
            </attributes>
        </shortcode>

        <shortcode>
            <tag>woodmart_filters_price_slider</tag>
            <attributes>
                <attribute>title</attribute>
            </attributes>
        </shortcode>

        <shortcode>
            <tag>woodmart_text_block</tag>
            <attributes>
                <attribute>content</attribute>
            </attributes>
        </shortcode>

        <shortcode>
            <tag>woodmart_tab</tag>
            <attributes>
                <attribute>title</attribute>
                <attribute>content</attribute>
            </attributes>
        </shortcode>

        <shortcode>
            <tag>woodmart_accordion_item</tag>
            <attributes>
                <attribute>title</attribute>
                <attribute>content</attribute>
            </attributes>
        </shortcode>

        <shortcode>
            <tag>woodmart_table</tag>
            <attributes>
                <attribute type="area" encoding ="urlencoded_json">table_column</attribute>
            </attributes>
        </shortcode>

        <shortcode>
            <tag>woodmart_open_street_map</tag>
            <attributes>
                <attribute type="area" encoding ="urlencoded_json">marker_list</attribute>
            </attributes>
        </shortcode>

        <shortcode>
            <tag>woodmart_single_product_brands</tag>
            <attributes>
                <attribute>label_text</attribute>
            </attributes>
        </shortcode>

        <shortcode>
            <tag>woodmart_single_product_countdown</tag>
            <attributes>
                <attribute>title</attribute>
            </attributes>
        </shortcode>

        <shortcode>
            <tag>woodmart_single_product_additional_info_table</tag>
            <attributes>
                <attribute>title</attribute>
            </attributes>
        </shortcode>

        <shortcode>
            <tag>woodmart_single_product_fbt_products</tag>
            <attributes>
                <attribute>title</attribute>
            </attributes>
        </shortcode>

        <shortcode>
            <tag>woodmart_products</tag>
            <attributes>
                <attribute>element_title</attribute>
            </attributes>
        </shortcode>

        <shortcode>
            <tag>woodmart_blog</tag>
            <attributes>
                <attribute>element_title</attribute>
            </attributes>
        </shortcode>

        <shortcode>
            <tag>woodmart_portfolio</tag>
            <attributes>
                <attribute>element_title</attribute>
            </attributes>
        </shortcode>
    </shortcodes>

    <elementor-widgets>
        <widget name="wd_text_block">
            <conditions>
                <condition key="widgetType">wd_text_block</condition>
            </conditions>
            <fields>
                <field type="[Woodmart] Text block - Text" editor_type="AREA">text</field>
            </fields>
        </widget>

        <widget name="wd_title">
            <conditions>
                <condition key="widgetType">wd_title</condition>
            </conditions>
            <fields>
                <field type="[Woodmart] Section title - Subtitle" editor_type="LINE">subtitle</field>
                <field type="[Woodmart] Section title - Title" editor_type="LINE">title</field>
                <field type="[Woodmart] Section title - Text" editor_type="AREA">after_title</field>
            </fields>
        </widget>

        <widget name="wd_extra_menu_list">
            <conditions>
                <condition key="widgetType">wd_extra_menu_list</condition>
            </conditions>
            <fields>
                <field type="[Woodmart] Extra menu list - Title" editor_type="LINE">title</field>
                <field type="[Woodmart] Extra menu list - Link" editor_type="LINK" key_of="link">url</field>
                <field type="[Woodmart] Extra menu list - Label text" editor_type="LINE">label</field>
            </fields>
            <fields-in-item items_of="menu_items_repeater">
                <field type="[Woodmart] Extra menu list - Title" editor_type="LINE">title</field>
                <field type="[Woodmart] Extra menu list - Link" editor_type="LINK" key_of="link">url</field>
                <field type="[Woodmart] Extra menu list - Label text" editor_type="LINE">label</field>
            </fields-in-item>
        </widget>

        <widget name="wd_counter">
            <conditions>
                <condition key="widgetType">wd_counter</condition>
            </conditions>
            <fields>
                <field type="[Woodmart] Animated Counter - Label" editor_type="LINE">label</field>
            </fields>
        </widget>

        <widget name="wd_author_area">
            <conditions>
                <condition key="widgetType">wd_author_area</condition>
            </conditions>
            <fields>
                <field type="[Woodmart] Author area - Title" editor_type="LINE">title</field>
                <field type="[Woodmart] Author area - Author name" editor_type="LINE">author_name</field>
                <field type="[Woodmart] Author area - Author bio" editor_type="LINE">content</field>
                <field type="[Woodmart] Author area - Link text" editor_type="LINE">link_text</field>
                <field type="[Woodmart] Author area - Link" editor_type="LINK" key_of="link">url</field>
            </fields>
        </widget>

        <widget name="wd_list">
            <conditions>
                <condition key="widgetType">wd_list</condition>
            </conditions>
            <fields-in-item items_of="list_items">
                <field type="[Woodmart] List - Content" editor_type="AREA">list_content</field>
                <field type="[Woodmart] List - Link" editor_type="LINK" key_of="link">url</field>
            </fields-in-item>
        </widget>

        <widget name="wd_social_buttons">
            <conditions>
                <condition key="widgetType">wd_social_buttons</condition>
            </conditions>
            <fields>
                <field type="[Woodmart] Social buttons - Label text" editor_type="LINE">label_text</field>
            </fields>
        </widget>

        <widget name="wd_team_member">
            <conditions>
                <condition key="widgetType">wd_team_member</condition>
            </conditions>
            <fields>
                <field type="[Woodmart] Team member - Name" editor_type="LINE">name</field>
                <field type="[Woodmart] Team member - Position" editor_type="LINE">position</field>
                <field type="[Woodmart] Team member - Content" editor_type="LINE">content</field>
            </fields>
        </widget>

        <widget name="wd_mega_menu">
            <conditions>
                <condition key="widgetType">wd_mega_menu</condition>
            </conditions>
            <fields>
                <field type="[Woodmart] Mega Menu widget - Title" editor_type="LINE">title</field>
            </fields>
        </widget>

        <widget name="wd_menu_price">
            <conditions>
                <condition key="widgetType">wd_menu_price</condition>
            </conditions>
            <fields>
                <field type="[Woodmart] Menu price - Title" editor_type="LINE">title</field>
                <field type="[Woodmart] Menu price - Description" editor_type="LINE">description</field>
                <field type="[Woodmart] Menu price - Price" editor_type="LINE">price</field>
                <field type="[Woodmart] Menu price - Link" editor_type="LINK" key_of="link">url</field>
            </fields>
        </widget>

        <widget name="wd_popup">
            <conditions>
                <condition key="widgetType">wd_popup</condition>
            </conditions>
            <fields>
                <field type="[Woodmart] Popup - Button text" editor_type="LINE">text</field>
            </fields>
        </widget>

        <widget name="wd_pricing_tables">
            <conditions>
                <condition key="widgetType">wd_pricing_tables</condition>
            </conditions>
            <fields-in-item items_of="items">
                <field type="[Woodmart] Pricing tables - Pricing plan name" editor_type="LINE">name</field>
                <field type="[Woodmart] Pricing tables - Featured list" editor_type="AREA">features_list</field>
                <field type="[Woodmart] Pricing tables - Price value" editor_type="LINE">price_value</field>
                <field type="[Woodmart] Pricing tables - Price suffix" editor_type="LINE">price_suffix</field>
                <field type="[Woodmart] Pricing tables - Price currency" editor_type="LINE">currency</field>
                <field type="[Woodmart] Pricing tables - Button text" editor_type="LINE">button_label</field>
                <field type="[Woodmart] Pricing tables - Link" editor_type="LINK" key_of="link">url</field>
                <field type="[Woodmart] Pricing tables - Label text" editor_type="LINE">label</field>
            </fields-in-item>
        </widget>

        <widget name="wd_timeline">
            <conditions>
                <condition key="widgetType">wd_timeline</condition>
            </conditions>
            <fields-in-item items_of="items">
                <field type="[Woodmart] Timeline - Title" editor_type="LINE">title_primary</field>
                <field type="[Woodmart] Timeline - Text" editor_type="AREA">content</field>
                <field type="[Woodmart] Timeline - Title" editor_type="LINE">title_secondary</field>
                <field type="[Woodmart] Timeline - Text" editor_type="AREA">content_secondary</field>
                <field type="[Woodmart] Timeline - Breakpoint title" editor_type="LINE">title</field>
            </fields-in-item>
        </widget>

        <widget name="wd_google_map">
            <conditions>
                <condition key="widgetType">wd_google_map</condition>
            </conditions>
            <fields>
                <field type="[Woodmart] Google Map - Title" editor_type="LINE">title</field>
                <field type="[Woodmart] Google Map - Text" editor_type="LINE">marker_text</field>
                <field type="[Woodmart] Google Map - Content" editor_type="LINE">content</field>
            </fields>
            <fields-in-item items_of="marker_list">
                <field type="[Woodmart] Google Map - Title" editor_type="LINE">marker_title</field>
                <field type="[Woodmart] Google Map - Title" editor_type="AREA">marker_description</field>
            </fields-in-item>
        </widget>

        <widget name="wd_image_hotspot">
            <conditions>
                <condition key="widgetType">wd_image_hotspot</condition>
            </conditions>
            <fields-in-item items_of="items">
                <field type="[Woodmart] Image Hotspot - Title" editor_type="LINE">title</field>
                <field type="[Woodmart] Image Hotspot - Link text" editor_type="LINE">link_text</field>
                <field type="[Woodmart] Image Hotspot - Link" editor_type="LINK" key_of="link">url</field>
                <field type="[Woodmart] Image Hotspot - Content" editor_type="AREA">content</field>
            </fields-in-item>
        </widget>

        <widget name="wd_button">
            <conditions>
                <condition key="widgetType">wd_button</condition>
            </conditions>
            <fields>
                <field type="[Woodmart] Button - Text" editor_type="LINE">text</field>
                <field type="[Woodmart] Button - Link" editor_type="LINK" key_of="link">url</field>
            </fields>
        </widget>

        <widget name="wd_testimonials">
            <conditions>
                <condition key="widgetType">wd_testimonials</condition>
            </conditions>
            <fields-in-item items_of="items_repeater">
                <field type="[Woodmart] Testimonials - Name" editor_type="LINE">name</field>
                <field type="[Woodmart] Testimonials - Title" editor_type="LINE">title</field>
                <field type="[Woodmart] Testimonials - Text" editor_type="AREA">content</field>
            </fields-in-item>
        </widget>

        <widget name="wd_banner">
            <conditions>
                <condition key="widgetType">wd_banner</condition>
            </conditions>
            <fields>
                <field type="[Woodmart] Promo Banner - Link" editor_type="LINK" key_of="link">url</field>
                <field type="[Woodmart] Promo Banner - Image ID" sub-type="attachment">image>id</field>
                <field type="[Woodmart] Promo Banner - Subtitle" editor_type="LINE">subtitle</field>
                <field type="[Woodmart] Promo Banner - Title" editor_type="LINE">title</field>
                <field type="[Woodmart] Promo Banner - Content" editor_type="AREA">content</field>
                <field type="[Woodmart] Promo Banner - Button text" editor_type="LINE">btn_text</field>
            </fields>
        </widget>

        <widget name="wd_banner_carousel">
            <conditions>
                <condition key="widgetType">wd_banner_carousel</condition>
            </conditions>
            <fields-in-item items_of="content_repeater">
                <field type="[Woodmart] Banners carousel - Link" editor_type="LINK" key_of="link">url</field>
                <field type="[Woodmart] Banners carousel - Image ID" sub-type="attachment">image>id</field>
                <field type="[Woodmart] Banners carousel - Subtitle" editor_type="LINE">subtitle</field>
                <field type="[Woodmart] Banners carousel - Title" editor_type="LINE">title</field>
                <field type="[Woodmart] Banners carousel - Content" editor_type="AREA">content</field>
                <field type="[Woodmart] Banners carousel - Button text" editor_type="LINE">btn_text</field>
            </fields-in-item>
        </widget>

        <widget name="wd_infobox">
            <conditions>
                <condition key="widgetType">wd_infobox</condition>
            </conditions>
            <fields>
                <field type="[Woodmart] Information box - Icon text" editor_type="LINE">icon_text</field>
                <field type="[Woodmart] Information box - Subtitle" editor_type="LINE">subtitle</field>
                <field type="[Woodmart] Information box - Title" editor_type="LINE">title</field>
                <field type="[Woodmart] Information box - Content" editor_type="AREA">content</field>
                <field type="[Woodmart] Information box - Button text" editor_type="LINE">btn_text</field>
                <field type="[Woodmart] Information box - Link" editor_type="LINK" key_of="link">url</field>
            </fields>
        </widget>

        <widget name="wd_infobox_carousel">
            <conditions>
                <condition key="widgetType">wd_infobox_carousel</condition>
            </conditions>
            <fields-in-item items_of="content_repeater">
                <field type="[Woodmart] Information box carousel - Link" editor_type="LINK" key_of="link">url</field>
                <field type="[Woodmart] Information box carousel - Icon text" editor_type="LINE">icon_text</field>
                <field type="[Woodmart] Information box carousel - Subtitle" editor_type="LINE">subtitle</field>
                <field type="[Woodmart] Information box carousel - Title" editor_type="LINE">title</field>
                <field type="[Woodmart] Information box carousel - Content" editor_type="AREA">content</field>
                <field type="[Woodmart] Information box carousel - Button text" editor_type="LINE">btn_text</field>
            </fields-in-item>
        </widget>

        <widget name="wd_instagram">
            <conditions>
                <condition key="widgetType">wd_instagram</condition>
            </conditions>
            <fields>
                <field type="[Woodmart] Instagram - Text" editor_type="AREA">content</field>
            </fields>
        </widget>

        <widget name="wd_images_gallery">
            <conditions>
                <condition key="widgetType">wd_images_gallery</condition>
            </conditions>
            <fields>
                <field type="[Woodmart] Images gallery - Images ID" editor_type="LINE">ids</field>
            </fields>
            <fields-in-item items_of="ids">
                <field type="[Woodmart] Images gallery - Image ID" editor_type="LINE">id</field>
                <field type="[Woodmart] Images gallery - Image URL">url</field>
            </fields-in-item>
        </widget>

        <widget name="wd_tabs">
            <conditions>
                <condition key="widgetType">wd_tabs</condition>
            </conditions>
            <fields>
                <field type="[Woodmart] Tabs - Tabs title" editor_type="LINE">title</field>
                <field type="[Woodmart] Tabs - Tabs description" editor_type="AREA">description</field>
            </fields>
            <fields-in-item items_of="tabs">
                <field type="[Woodmart] Tabs - Title" editor_type="LINE">tab_title</field>
                <field type="[Woodmart] Tabs - Text" editor_type="AREA">content_text</field>
            </fields-in-item>
        </widget>

        <widget name="wd_accordion">
            <conditions>
                <condition key="widgetType">wd_accordion</condition>
            </conditions>
            <fields-in-item items_of="items">
                <field type="[Woodmart] Accordion - Title" editor_type="LINE">item_title</field>
                <field type="[Woodmart] Accordion - Content" editor_type="AREA">item_content</field>
            </fields-in-item>
        </widget>

        <widget name="wd_builder_off_canvas_column_btn">
            <conditions>
                <condition key="widgetType">wd_builder_off_canvas_column_btn</condition>
            </conditions>
            <fields>
                <field type="[Woodmart] Off canvas column button - Button text" editor_type="LINE">button_text</field>
            </fields>
        </widget>

        <widget name="wd_products">
            <conditions>
                <condition key="widgetType">wd_products</condition>
            </conditions>
            <fields>
                <field type="[Woodmart] Products (grid or carousel) - Title" editor_type="LINE">element_title</field>
            </fields>
        </widget>

        <widget name="wd_products_tabs">
            <conditions>
                <condition key="widgetType">wd_products_tabs</condition>
            </conditions>
            <fields>
                <field type="[Woodmart] AJAX Products tabs - Title" editor_type="LINE">title</field>
                <field type="[Woodmart] AJAX Products tabs - Description" editor_type="AREA">description</field>
            </fields>
            <fields-in-item items_of="tabs_items">
                <field type="[Woodmart] AJAX Products tabs - Tab title" editor_type="LINE">title</field>
            </fields-in-item>
        </widget>

        <widget name="wd_product_filters">
            <conditions>
                <condition key="widgetType">wd_product_filters</condition>
            </conditions>
            <fields-in-item items_of="items">
                <field type="[Woodmart] Product filters - Title" editor_type="LINE">categories_title</field>
                <field type="[Woodmart] Product filters - Title" editor_type="LINE">attributes_title</field>
                <field type="[Woodmart] Product filters - Title" editor_type="LINE">stock_title</field>
                <field type="[Woodmart] Product filters - Title" editor_type="LINE">price_title</field>
            </fields-in-item>
        </widget>

        <widget name="wd_products_widget">
            <conditions>
                <condition key="widgetType">wd_products_widget</condition>
            </conditions>
            <fields>
                <field type="[Woodmart] WC Products widget - Title" editor_type="LINE">title</field>
            </fields>
        </widget>

        <widget name="wd_open_street_map">
            <conditions>
                <condition key="widgetType">wd_open_street_map</condition>
            </conditions>
            <fields-in-item items_of="marker_list">
                <field type="Woodmart] Open street map - Title" editor_type="LINE">marker_title</field>
                <field type="[Woodmart] Open street map - Description" editor_type="AREA">marker_description</field>
                <field type="[Woodmart] Open street map - Button text" editor_type="LINE">button_text</field>
                <field type="[Woodmart] Open street map - Button link" editor_type="LINK" key_of="link">button_url</field>
            </fields-in-item>
            <fields>
                <field type="[Woodmart] Open street map - Content" editor_type="AREA">text</field>
            </fields>
        </widget>

        <widget name="wd_table">
            <conditions>
                <condition key="widgetType">wd_table</condition>
            </conditions>
            <fields-in-item items_of="heading_items">
                <field type="[Woodmart] Table - Heading text" editor_type="LINE">heading_cell_text</field>
            </fields-in-item>
            <fields-in-item items_of="body_items">
                <field type="[Woodmart] Table - Body text" editor_type="LINE">body_cell_text</field>
            </fields-in-item>
        </widget>

        <widget name="wd_marquee">
            <fields-in-item items_of="marquee_contents">
                <field type="[Woodmart] Marquee - Content" editor_type="LINE">text</field>
                <field type="[Woodmart] Marquee - Link">link>url</field>
            </fields-in-item>
        </widget>

        <widget name="wd_single_product_brands">
            <conditions>
                <condition key="widgetType">wd_single_product_brands</condition>
            </conditions>
            <fields>
                <field type="[Woodmart] Product brands - Label text" editor_type="LINE">label_text</field>
            </fields>
        </widget>

        <widget name="wd_single_product_countdown">
            <conditions>
                <condition key="widgetType">wd_single_product_countdown</condition>
            </conditions>
            <fields>
                <field type="[Woodmart] Product countdown - Element title" editor_type="LINE">title</field>
            </fields>
        </widget>

        <widget name="wd_single_product_additional_info_table">
            <conditions>
                <condition key="widgetType">wd_single_product_additional_info_table</condition>
            </conditions>
            <fields>
                <field type="[Woodmart] Product additional information table - Element title" editor_type="LINE">title</field>
            </fields>
        </widget>

        <widget name="wd_single_product_fbt_products">
            <conditions>
                <condition key="widgetType">wd_single_product_fbt_products</condition>
            </conditions>
            <fields>
                <field type="[Woodmart] Frequently bought together - Element title" editor_type="LINE">title</field>
            </fields>
        </widget>

        <widget name="wd_products">
            <conditions>
                <condition key="widgetType">wd_products</condition>
            </conditions>
            <fields>
                <field type="[Woodmart] Products - Element title" editor_type="LINE">element_title</field>
            </fields>
        </widget>
        
        <widget name="wd_blog">
            <conditions>
                <condition key="widgetType">wd_blog</condition>
            </conditions>
            <fields>
                <field type="[Woodmart] Blog - Element title" editor_type="LINE">element_title</field>
            </fields>
        </widget>

        <widget name="wd_portfolio">
            <conditions>
                <condition key="widgetType">wd_portfolio</condition>
            </conditions>
            <fields>
                <field type="[Woodmart] Portfolio - Element title" editor_type="LINE">element_title</field>
            </fields>
        </widget>
    </elementor-widgets>

    <gutenberg-blocks>
        <gutenberg-block type="wd/paragraph" translate="1" label="[Woodmart] Paragraph">
            <xpath>//p</xpath>
        </gutenberg-block>

        <gutenberg-block type="wd/title" translate="1" label="[Woodmart] Title">
            <xpath>//*[self::h1 or self::h2 or self::h3 or self::h4 or self::h5 or self::h6 or self::div.title or self::p or self::span.title]</xpath>
        </gutenberg-block>

        <gutenberg-block type="wd/button" translate="1" label="[Woodmart] Button">
            <xpath>//a/span</xpath>
            <xpath type="link">//a/@href</xpath>
        </gutenberg-block>

        <gutenberg-block type="wd/list-item" translate="1" label="[Woodmart] List item">
            <xpath>//li/span</xpath>
            <xpath type="link">//a/@href</xpath>
        </gutenberg-block>

        <gutenberg-block type="wd/menu-list" translate="1" label="[Woodmart] Menu list">
            <xpath>//li/a</xpath>
            <xpath>//li/span</xpath>
            <xpath type="link">//a/@href</xpath>
        </gutenberg-block>

        <gutenberg-block type="wd/menu-list-item" translate="1" label="[Woodmart] Menu list item">
            <xpath>//li/a</xpath>
            <xpath>//li/span</xpath>
            <xpath type="link">//a/@href</xpath>
        </gutenberg-block>

        <gutenberg-block type="wd/video" translate="1" label="[Woodmart] Video">
            <xpath>//div/span[@class="wd-el-video-play-label"]</xpath>
        </gutenberg-block>

        <gutenberg-block type="wd/quote" translate="1" label="[Woodmart] Quote">
            <xpath>//blockquote/cite</xpath>
        </gutenberg-block>

        <gutenberg-block type="wd/accordion-pane" translate="1" label="[Woodmart] Accordion pane">
            <xpath>//div[@class="wd-accordion-title-text"]/span</xpath>
        </gutenberg-block>

        <gutenberg-block type="wd/image" translate="1" label="[Woodmart] Image">
            <xpath>//div/figcaption</xpath>
        </gutenberg-block>

        <gutenberg-block type="wd/gallery-item" translate="1" label="[Woodmart] Gallery Image">
            <xpath>//div/figcaption</xpath>
        </gutenberg-block>

        <gutenberg-block type="wd/off-canvas-button" translate="1" label="[Woodmart] Off canvas button">
            <key name="btnContent"/>
            <xpath>//div/a</xpath>
        </gutenberg-block>

        <gutenberg-block type="wd/product-filters-categories" translate="1" label="[Woodmart] Product filters categories">
            <key name="title"/>
        </gutenberg-block>

        <gutenberg-block type="wd/product-filters-attributes" translate="1" label="[Woodmart] Product filters attributes">
            <key name="title"/>
        </gutenberg-block>

        <gutenberg-block type="wd/product-filters-stock-status" translate="1" label="[Woodmart] Product filters stock status">
            <key name="title"/>
        </gutenberg-block>

        <gutenberg-block type="wd/product-filters-orderby" translate="1" label="[Woodmart] Product filters order by">
            <key name="title"/>
        </gutenberg-block>

        <gutenberg-block type="wd/product-filters-prices" translate="1" label="[Woodmart] Product filters price">
            <key name="title"/>
        </gutenberg-block>
    </gutenberg-blocks>
</wpml-config>


