<?xml version="1.0" encoding="UTF-8" ?>
<rss version="2.0"
	xmlns:excerpt="http://wordpress.org/export/1.2/excerpt/"
	xmlns:content="http://purl.org/rss/1.0/modules/content/"
	xmlns:wfw="http://wellformedweb.org/CommentAPI/"
	xmlns:dc="http://purl.org/dc/elements/1.1/"
	xmlns:wp="http://wordpress.org/export/1.2/">

<channel>
	<title>IPV Pro Landing Page</title>
	<link>https://example.com</link>
	<description>Landing Page per IPV Pro</description>
	<pubDate>Sat, 21 Dec 2025 00:00:00 +0000</pubDate>
	<language>it-IT</language>
	<wp:wxr_version>1.2</wp:wxr_version>
	<wp:base_site_url>https://example.com</wp:base_site_url>
	<wp:base_blog_url>https://example.com</wp:base_blog_url>

	<generator>IPV Pro Vendor</generator>

	<!-- Landing Page Principale -->
	<item>
		<title>IPV Pro - Automatizza i tuoi Video</title>
		<link>https://example.com/ipv-pro/</link>
		<pubDate>Sat, 21 Dec 2025 00:00:00 +0000</pubDate>
		<dc:creator><![CDATA[admin]]></dc:creator>
		<guid isPermaLink="false">https://example.com/?page_id=1001</guid>
		<description></description>
		<content:encoded><![CDATA[<!-- Hero Section -->
[ipv_hero title="Automatizza i tuoi Video YouTube con l'AI" subtitle="Trascrizioni automatiche, descrizioni SEO ottimizzate e molto altro. Risparmia ore di lavoro con IPV Pro." button_text="Inizia Gratis" button_url="#pricing" button2_text="Scopri di più" button2_url="#features"]

<!-- Features Section -->
[ipv_features title="Le Nostre Soluzioni" subtitle="FUNZIONALITÀ"]

<!-- How It Works Section -->
[ipv_how_it_works title="Come Funziona" subtitle="PROCESSO"]

<!-- Pricing Section -->
<div id="pricing">
[ipv_pricing title="Prezzi Trasparenti" subtitle="PRICING"]
</div>

<!-- CTA Section -->
[ipv_cta title="Pronto a Risparmiare Tempo?" subtitle="Inizia oggi con la prova gratuita. Nessuna carta di credito richiesta." button_text="Inizia Gratis" button_url="#pricing"]]]></content:encoded>
		<excerpt:encoded><![CDATA[Automatizza la produzione di contenuti video con l'intelligenza artificiale. Trascrizioni, descrizioni SEO, tag automatici.]]></excerpt:encoded>
		<wp:post_id>1001</wp:post_id>
		<wp:post_date><![CDATA[2025-12-21 00:00:00]]></wp:post_date>
		<wp:post_date_gmt><![CDATA[2025-12-21 00:00:00]]></wp:post_date_gmt>
		<wp:post_modified><![CDATA[2025-12-21 00:00:00]]></wp:post_modified>
		<wp:post_modified_gmt><![CDATA[2025-12-21 00:00:00]]></wp:post_modified_gmt>
		<wp:comment_status><![CDATA[closed]]></wp:comment_status>
		<wp:ping_status><![CDATA[closed]]></wp:ping_status>
		<wp:post_name><![CDATA[ipv-pro]]></wp:post_name>
		<wp:status><![CDATA[publish]]></wp:status>
		<wp:post_parent>0</wp:post_parent>
		<wp:menu_order>0</wp:menu_order>
		<wp:post_type><![CDATA[page]]></wp:post_type>
		<wp:post_password><![CDATA[]]></wp:post_password>
		<wp:is_sticky>0</wp:is_sticky>
		<wp:postmeta>
			<wp:meta_key><![CDATA[_wp_page_template]]></wp:meta_key>
			<wp:meta_value><![CDATA[default]]></wp:meta_value>
		</wp:postmeta>
	</item>

	<!-- Pagina Prezzi Standalone -->
	<item>
		<title>Prezzi</title>
		<link>https://example.com/prezzi/</link>
		<pubDate>Sat, 21 Dec 2025 00:00:00 +0000</pubDate>
		<dc:creator><![CDATA[admin]]></dc:creator>
		<guid isPermaLink="false">https://example.com/?page_id=1002</guid>
		<description></description>
		<content:encoded><![CDATA[[ipv_pricing title="Scegli il Piano Perfetto per Te" subtitle="PREZZI"]

[ipv_cta title="Hai Domande?" subtitle="Contattaci per una consulenza gratuita." button_text="Contattaci" button_url="/contatti/"]]]></content:encoded>
		<excerpt:encoded><![CDATA[Scopri i piani e i prezzi di IPV Pro.]]></excerpt:encoded>
		<wp:post_id>1002</wp:post_id>
		<wp:post_date><![CDATA[2025-12-21 00:00:00]]></wp:post_date>
		<wp:post_date_gmt><![CDATA[2025-12-21 00:00:00]]></wp:post_date_gmt>
		<wp:post_modified><![CDATA[2025-12-21 00:00:00]]></wp:post_modified>
		<wp:post_modified_gmt><![CDATA[2025-12-21 00:00:00]]></wp:post_modified_gmt>
		<wp:comment_status><![CDATA[closed]]></wp:comment_status>
		<wp:ping_status><![CDATA[closed]]></wp:ping_status>
		<wp:post_name><![CDATA[prezzi]]></wp:post_name>
		<wp:status><![CDATA[publish]]></wp:status>
		<wp:post_parent>0</wp:post_parent>
		<wp:menu_order>0</wp:menu_order>
		<wp:post_type><![CDATA[page]]></wp:post_type>
		<wp:post_password><![CDATA[]]></wp:post_password>
		<wp:is_sticky>0</wp:is_sticky>
	</item>

	<!-- Pagina Come Funziona -->
	<item>
		<title>Come Funziona</title>
		<link>https://example.com/come-funziona/</link>
		<pubDate>Sat, 21 Dec 2025 00:00:00 +0000</pubDate>
		<dc:creator><![CDATA[admin]]></dc:creator>
		<guid isPermaLink="false">https://example.com/?page_id=1003</guid>
		<description></description>
		<content:encoded><![CDATA[[ipv_how_it_works title="Come Funziona IPV Pro" subtitle="IL PROCESSO"]

[ipv_features title="Funzionalità Principali" subtitle="CARATTERISTICHE"]

[ipv_cta title="Prova IPV Pro Gratuitamente" subtitle="Inizia subito con il piano Trial gratuito." button_text="Inizia Ora" button_url="/prezzi/"]]]></content:encoded>
		<excerpt:encoded><![CDATA[Scopri come funziona IPV Pro in 3 semplici passaggi.]]></excerpt:encoded>
		<wp:post_id>1003</wp:post_id>
		<wp:post_date><![CDATA[2025-12-21 00:00:00]]></wp:post_date>
		<wp:post_date_gmt><![CDATA[2025-12-21 00:00:00]]></wp:post_date_gmt>
		<wp:post_modified><![CDATA[2025-12-21 00:00:00]]></wp:post_modified>
		<wp:post_modified_gmt><![CDATA[2025-12-21 00:00:00]]></wp:post_modified_gmt>
		<wp:comment_status><![CDATA[closed]]></wp:comment_status>
		<wp:ping_status><![CDATA[closed]]></wp:ping_status>
		<wp:post_name><![CDATA[come-funziona]]></wp:post_name>
		<wp:status><![CDATA[publish]]></wp:status>
		<wp:post_parent>0</wp:post_parent>
		<wp:menu_order>0</wp:menu_order>
		<wp:post_type><![CDATA[page]]></wp:post_type>
		<wp:post_password><![CDATA[]]></wp:post_password>
		<wp:is_sticky>0</wp:is_sticky>
	</item>

</channel>
</rss>
